,Precision,Recall,F1,Gmean,AUC
0,0.7443606224208187,0.7528514247713215,0.7485319525533337,0.8621195710874837,0.975592163249938
