,Precision,Recall,F1,Gmean,AUC
0,0.4871788625912018,0.5277770447541045,0.5066160760297542,0.7238471118382301,0.9794206550385258
